movieId,num,den,pred,title,genres,imdbId,tmdbId
246,2.7837517449499254,2.843031822785513,4.7036384440238415,Hoop Dreams (1994),Documentary,110057,14275
2289,2.4906719694013884,2.5748819139465233,4.691785029387424,"Player, The (1992)",Comedy|Crime|Drama,105151,10403
2160,1.643154201692608,1.7407977262452845,4.66839800134124,Rosemary's Baby (1968),Drama|Horror|Thriller,63522,805
247,2.4742809041971685,2.6597604001036914,4.654754030936106,Heavenly Creatures (1994),Crime|Drama,110005,1024
720,2.733868095932355,2.9491836354007015,4.6514809592101525,Wallace & Gromit: The Best of Aardman Animation (1996),Adventure|Animation|Comedy,118114,503475
1204,3.2515449528626243,3.852764220380591,4.568440767979267,Lawrence of Arabia (1962),Adventure|Drama|War,56172,947
1235,2.28354541143144,2.8143691858630273,4.535877517015615,Harold and Maude (1971),Comedy|Drama|Romance,67185,343
1104,1.5124306823311022,1.869644948363849,4.533429415558466,"Streetcar Named Desire, A (1951)",Drama,44081,702
922,1.8929684664323232,2.403697678042887,4.51201299245047,Sunset Blvd. (a.k.a. Sunset Boulevard) (1950),Drama|Film-Noir|Romance,43014,599
353,1.954075553602299,2.543469602592047,4.492761130216827,"Crow, The (1994)",Action|Crime|Fantasy|Thriller,109506,9495
903,3.41296674797971,4.509151504294261,4.4813874046662185,Vertigo (1958),Drama|Mystery|Romance|Thriller,52357,426
111759,1.260940606136128,1.6803471861603556,4.47489415646784,Edge of Tomorrow (2014),Action|Sci-Fi|IMAX,1631867,137113
1233,3.1051350827683057,4.1916015344299735,4.465288823799139,"Boot, Das (Boat, The) (1981)",Action|Drama|War,82096,387
1212,1.6894235697759132,2.367560784234094,4.438060854982594,"Third Man, The (1949)",Film-Noir|Mystery|Thriller,41959,1092
6711,4.997084272179242,7.007450123511867,4.437599910295432,Lost in Translation (2003),Comedy|Drama|Romance,335266,153
741,1.9499227407967974,2.7374273249695396,4.436808990912631,Ghost in the Shell (Kôkaku kidôtai) (1995),Animation|Sci-Fi,113568,9323
2908,2.255060333083057,3.2558020814077997,4.417117782531113,Boys Don't Cry (1999),Drama,171804,226
1246,3.52694202688448,5.156123039166683,4.408519505074568,Dead Poets Society (1989),Drama,97165,207
914,2.387686966687309,3.5510444373406993,4.396879662175724,My Fair Lady (1964),Comedy|Drama|Musical|Romance,58385,11113
1272,1.272253302456454,1.9144731715028165,4.389034307092297,Patton (1970),Drama|War,66206,11202
29,2.889418845122977,4.364970162086065,4.386445794670509,"City of Lost Children, The (Cité des enfants perdus, La) (1995)",Adventure|Drama|Fantasy|Mystery|Sci-Fi,112682,902
3504,1.5427538333628161,2.423763187678549,4.361001318452433,Network (1976),Comedy|Drama,74958,10774
81845,3.2408119696320608,5.109351633134799,4.358779930565756,"King's Speech, The (2010)",Drama,1504320,45269
122882,1.3548864381294754,2.1361112709987937,4.358766587697652,Mad Max: Fury Road (2015),Action|Adventure|Sci-Fi|Thriller,1392190,76341
2064,1.4309148204827078,2.2659475396915276,4.355975813988974,Roger & Me (1989),Documentary,98213,1779
2300,2.531192362957804,4.105507475098027,4.341025452417619,"Producers, The (1968)",Comedy,63462,30197
115617,1.5354226593126663,2.504950504850721,4.337444839694421,Big Hero 6 (2014),Action|Animation|Comedy,2245084,177572
8368,3.5895880400127447,5.896223231618213,4.333284152951764,Harry Potter and the Prisoner of Azkaban (2004),Adventure|Fantasy|IMAX,304141,673
112852,2.2078578842225474,3.635919467006958,4.331724718754847,Guardians of the Galaxy (2014),Action|Adventure|Sci-Fi,2015381,118340
899,2.2689814589952246,3.747056672077549,4.330026635103763,Singin' in the Rain (1952),Comedy|Musical|Romance,45152,872
8949,1.8455883280817391,3.051929428151293,4.329217974207708,Sideways (2004),Comedy|Drama|Romance,375063,9675
497,2.14004990466311,3.5417901035158867,4.328717951141501,Much Ado About Nothing (1993),Comedy|Romance,107616,11971
54001,2.308807011277573,3.839489277426727,4.325821442687105,Harry Potter and the Order of the Phoenix (2007),Adventure|Drama|Fantasy|IMAX,373889,675
916,1.2578337832614683,2.096006092463831,4.324599303077954,Roman Holiday (1953),Comedy|Drama|Romance,46250,804
1249,1.3418970336484508,2.2739714663015795,4.314601177447507,"Femme Nikita, La (Nikita) (1990)",Action|Crime|Romance|Thriller,100263,9322
1358,1.8938137507367965,3.2570343667558865,4.305943030988116,Sling Blade (1996),Drama,117666,12498
1242,1.7525447241397636,3.0336334213085747,4.302194450055234,Glory (1989),Drama|War,97441,9665
3275,1.113428654173397,1.9375288526973624,4.299153795352141,"Boondock Saints, The (2000)",Action|Crime|Drama|Thriller,144117,8374
1079,3.0635091431884,5.431080502832586,4.288559611771918,"Fish Called Wanda, A (1988)",Comedy|Crime,95159,623
1228,1.7642990635705886,3.1307287263937553,4.288032234186541,Raging Bull (1980),Drama,81398,1578
1292,1.0520983567373585,1.8784465220795608,4.284579095390848,Being There (1979),Comedy|Drama,78841,10322
272,2.3959605812348466,4.282042110238342,4.284026568331078,"Madness of King George, The (1994)",Comedy|Drama,110428,11318
3552,1.6253283902126265,2.9061896570224053,4.28375399501186,Caddyshack (1980),Comedy,80487,11977
32,5.8384418552794495,10.451305432817552,4.2831225269371895,Twelve Monkeys (a.k.a. 12 Monkeys) (1995),Mystery|Sci-Fi|Thriller,114746,63
2997,4.170444110812322,7.4870897193529675,4.281507770875232,Being John Malkovich (1999),Comedy|Drama|Fantasy,120601,492
5991,2.1668700873720654,3.9109971828573618,4.278535076959372,Chicago (2002),Comedy|Crime|Drama|Musical,299658,1574
48780,2.868202290965153,5.193412392826054,4.276766703997196,"Prestige, The (2006)",Drama|Mystery|Sci-Fi|Thriller,482571,1124
3671,2.847495966542771,5.16765737347348,4.275512282458786,Blazing Saddles (1974),Comedy|Western,71230,11072
1304,2.2249547773465688,4.044847320292375,4.274561047338183,Butch Cassidy and the Sundance Kid (1969),Action|Western,64115,642
2580,1.7387204792153352,3.1675291323077666,4.273409745086635,Go (1999),Comedy|Crime,139239,9430
902,1.5169120117364845,2.7688603328392136,4.272336664862515,Breakfast at Tiffany's (1961),Drama|Romance,54698,164
51255,1.8956283740995583,3.4869101372056206,4.268130944060358,Hot Fuzz (2007),Action|Comedy|Crime|Mystery,425112,4638
4246,2.8354609470969203,5.269940802692901,4.2625338679891485,Bridget Jones's Diary (2001),Comedy|Drama|Romance,243155,634
3363,1.8079073142599669,3.362089253193634,4.262222925641058,American Graffiti (1973),Comedy|Drama,69704,838
6942,2.1943874817089184,4.091955853943824,4.260758275776353,Love Actually (2003),Comedy|Drama|Romance,314331,508
89745,2.700030929230289,5.043889330077408,4.259797019616241,"Avengers, The (2012)",Action|Adventure|Sci-Fi|IMAX,848228,24428
1073,2.395551026803536,4.477288328273658,4.259534741902952,Willy Wonka & the Chocolate Factory (1971),Children|Comedy|Fantasy|Musical,67992,252
908,1.986893580508471,3.7164253167855614,4.25911457013614,North by Northwest (1959),Action|Adventure|Mystery|Romance|Thriller,53125,213
1172,1.8942531170875867,3.5454302045517787,4.258769833465186,Cinema Paradiso (Nuovo cinema Paradiso) (1989),Drama,95765,11216
3916,1.4761593946847997,2.7691729968516494,4.257558283620146,Remember the Titans (2000),Drama,210945,10637
6936,1.5075495010999997,2.8410623124735643,4.255118414605311,Elf (2003),Children|Comedy|Fantasy,319343,10719
40815,2.3832738737677723,4.497619427175222,4.2543864184451845,Harry Potter and the Goblet of Fire (2005),Adventure|Fantasy|Thriller|IMAX,330373,674
49272,2.8958359839739103,5.520779182152213,4.249023627809678,Casino Royale (2006),Action|Adventure|Thriller,381061,36557
1967,0.9237787576430497,1.7622748105078423,4.248686265128735,Labyrinth (1986),Adventure|Fantasy|Musical,91369,13597
46578,2.6893129349055167,5.164936672965509,4.245176221425883,Little Miss Sunshine (2006),Adventure|Comedy|Drama,449059,773
38038,1.748761204194877,3.37432104551178,4.24274536862546,Wallace & Gromit in The Curse of the Were-Rabbit (2005),Adventure|Animation|Children|Comedy,312004,533
55247,1.0607318079695232,2.078132228969831,4.234915110899422,Into the Wild (2007),Action|Adventure|Drama,758758,5915
2572,1.5592967150705883,3.0713740923347155,4.2321766359146125,10 Things I Hate About You (1999),Comedy|Romance,147800,4951
1258,3.3778843991791825,6.677812464772694,4.230326686541092,"Shining, The (1980)",Horror,81505,694
1282,1.5021643941128149,2.9830851854068907,4.228050303644,Fantasia (1940),Animation|Children|Fantasy|Musical,32455,756
866,1.1880949358680253,2.361250494401098,4.227653028926451,Bound (1996),Crime|Drama|Romance|Thriller,115736,9303
2599,2.3301643719723506,4.647504882928388,4.225869338122221,Election (1999),Comedy,126886,9451
96821,1.1873127993388057,2.3722517623006,4.2249899189269104,"Perks of Being a Wallflower, The (2012)",Drama|Romance,1659337,84892
1394,1.9529844825992888,3.9514886136205254,4.21872986069482,Raising Arizona (1987),Comedy,93822,378
6377,6.382628283816798,12.95232208322218,4.217268445957181,Finding Nemo (2003),Adventure|Animation|Children|Comedy,266543,12
1288,2.7522733155061494,5.643501352444293,4.2121786713051375,This Is Spinal Tap (1984),Comedy,88258,11031
924,4.398429341032182,9.033705721434908,4.211380667701455,2001: A Space Odyssey (1968),Adventure|Drama|Sci-Fi,62622,62
1215,2.4120346214504496,4.984125735926964,4.208433072092273,Army of Darkness (1993),Action|Adventure|Comedy|Fantasy|Horror,106308,766
1225,2.617531586049956,5.415294671924621,4.2078487378170415,Amadeus (1984),Drama,86879,279
471,2.1421726797541694,4.47251856833694,4.203453084289337,"Hudsucker Proxy, The (1994)",Comedy,110074,11934
44555,1.0517977874023592,2.2160282281724752,4.199121526416688,"Lives of Others, The (Das leben der Anderen) (2006)",Drama|Romance|Thriller,405094,582
122918,1.1652915804843913,2.4981105380478033,4.1909587916922835,Guardians of the Galaxy 2 (2017),Action|Adventure|Sci-Fi,3896198,283995
48774,1.8052654299222364,3.8715184976121617,4.190783567920722,Children of Men (2006),Action|Adventure|Drama|Sci-Fi|Thriller,206634,9693
4896,3.2073914062372864,6.89875723273799,4.189412800614581,Harry Potter and the Sorcerer's Stone (a.k.a. Harry Potter and the Philosopher's Stone) (2001),Adventure|Children|Fantasy,241527,671
1387,2.943867696955119,6.367482678968844,4.186818063312034,Jaws (1975),Action|Horror,73195,578
2692,3.163797792807588,6.872089367902686,4.184873408972216,Run Lola Run (Lola rennt) (1998),Action|Crime,130827,104
1732,3.3063216802347295,7.217871681964989,4.18256405490275,"Big Lebowski, The (1998)",Comedy|Crime,118715,115
6,2.5311517672156243,5.553926568245979,4.1802306632799135,Heat (1995),Action|Crime|Thriller,113277,949
5673,1.5103732045707192,3.3318835728833034,4.177798778127103,Punch-Drunk Love (2002),Comedy|Drama|Romance,272338,8051
2194,1.373249261014669,3.038862468394814,4.176385471817241,"Untouchables, The (1987)",Action|Crime|Drama,94226,117
3082,1.25364050135655,2.7775761784546464,4.17583297049544,"World Is Not Enough, The (1999)",Action|Adventure|Thriller,143145,36643
2161,1.254031376525824,2.8062218309623095,4.171364991533461,"NeverEnding Story, The (1984)",Adventure|Children|Fantasy,88323,34584
3897,1.954524134057537,4.375234725521429,4.171214099858495,Almost Famous (2000),Drama,181875,786
5669,1.7908414536952257,4.0176078451975545,4.170237882080589,Bowling for Columbine (2002),Documentary,310793,1430
1748,2.015489377207641,4.542134403537877,4.1682214767568055,Dark City (1998),Adventure|Film-Noir|Sci-Fi|Thriller,118929,2666
1262,1.0859166113976697,2.4501490080954023,4.167693929465193,"Great Escape, The (1963)",Action|Adventure|Drama|War,57115,5925
223,3.442249119688714,7.794696378764815,4.1661040052225635,Clerks (1994),Comedy,109445,2292
1244,1.386259601823396,3.147852078638192,4.164872357363425,Manhattan (1979),Comedy|Drama|Romance,79522,696
1952,1.0066254459574313,2.292656306502491,4.16355473733042,Midnight Cowboy (1969),Drama,64665,3116
40629,1.0016523474376895,2.294601249418081,4.161015275526744,Pride & Prejudice (2005),Drama|Romance,414387,4348
2788,0.7897537884989841,1.8186321474717468,4.158746583548624,Monty Python's And Now for Something Completely Different (1971),Comedy,66765,9267
4027,3.1140200764285977,7.26380429295363,4.153193478194846,"O Brother, Where Art Thou? (2000)",Adventure|Comedy|Crime,190590,134
7451,1.3601459819396915,3.1807714148196626,4.15210479144668,Mean Girls (2004),Comedy,377092,10625
3160,1.5109856592294424,3.542809510873399,4.150983297219667,Magnolia (1999),Drama,175880,334
97921,1.2075972477564378,2.834391740475416,4.150541285012249,Silver Linings Playbook (2012),Comedy|Drama,1045658,82693
80463,1.1899315559526522,2.7953756308841635,4.150168233237307,"Social Network, The (2010)",Drama,1285016,37799
2968,1.3803899972843046,3.2462724603521953,4.149712752069,Time Bandits (1981),Adventure|Comedy|Fantasy|Sci-Fi,81633,36819
1266,1.090223835076541,2.564103057165458,4.1496768440141265,Unforgiven (1992),Drama|Western,105695,33
1084,0.7085012177499523,1.6689502007563886,4.149008629919536,Bonnie and Clyde (1967),Crime|Drama,61418,475
1090,1.7302542957324178,4.094657169302882,4.14705359103658,Platoon (1986),Drama|War,91763,792
778,2.2651471932168388,5.375137143991039,4.14590169874529,Trainspotting (1996),Comedy|Crime|Drama,117951,627
36,1.6908000376683905,4.013997428941401,4.145715680183175,Dead Man Walking (1995),Crime|Drama,112818,687
71535,1.4811448802472647,3.5359264320200365,4.143374207073011,Zombieland (2009),Action|Comedy|Horror,1156398,19908
4848,1.6860736618756218,4.034501776503545,4.14240341632659,Mulholland Drive (2001),Crime|Drama|Film-Noir|Mystery|Thriller,166924,1018
99114,1.634698596789395,3.9151105545295524,4.142025432903767,Django Unchained (2012),Action|Drama|Western,1853728,68718
17,1.9104554123155788,4.578660114480475,4.141741775164784,Sense and Sensibility (1995),Drama|Romance,114388,4584
1240,2.73933095041628,6.578889554587169,4.1408716961319625,"Terminator, The (1984)",Action|Sci-Fi|Thriller,88247,218
431,1.0455369922036797,2.5116064980199875,4.140771795804067,Carlito's Way (1993),Crime|Drama,106519,6075
88125,1.2420008255415904,2.986730538654757,4.140329254358946,Harry Potter and the Deathly Hallows: Part 2 (2011),Action|Adventure|Drama|Fantasy|Mystery|IMAX,1201607,12445
589,5.1911056480441635,12.63500401180783,4.135340891204274,Terminator 2: Judgment Day (1991),Action|Sci-Fi,103064,280
1035,1.730204782126416,4.215566264220345,4.134922051812263,"Sound of Music, The (1965)",Musical|Romance,59742,15121
74458,1.5678965704717454,3.821792953444568,4.134741261479091,Shutter Island (2010),Drama|Mystery|Thriller,1130884,11324
2193,0.7610179724522279,1.8574153528526116,4.134208366169706,Willow (1988),Action|Adventure|Fantasy,96446,847
96079,1.4963925883071485,3.681681636257685,4.130932375615618,Skyfall (2012),Action|Adventure|Thriller|IMAX,1074638,37724
152081,1.370824494439535,3.402311739152242,4.1273994046279725,Zootopia (2016),Action|Adventure|Animation|Children|Comedy,2948356,269149
73017,1.6813057247347492,4.1731053367326885,4.127380493894474,Sherlock Holmes (2009),Action|Crime|Mystery|Thriller,988045,10528
59369,0.616108786158233,1.530748865616088,4.126978014272883,Taken (2008),Action|Crime|Drama|Thriller,936501,8681
72641,1.177148276360352,2.9466124955818667,4.123981713716667,"Blind Side, The  (2009)",Drama,878804,22881
910,1.7292691774887274,4.3398260487288844,4.122954794194099,Some Like It Hot (1959),Comedy|Crime,53291,239
3424,0.8795706177345937,2.2095131488380617,4.122573066033267,Do the Right Thing (1989),Drama,97216,925
968,0.791422424320012,1.9884001990533802,4.122509282477108,Night of the Living Dead (1968),Horror|Sci-Fi|Thriller,63350,10331
1921,1.865500498596527,4.690049736001083,4.122246793359108,Pi (1998),Drama|Sci-Fi|Thriller,138704,473
151,1.615181224850524,4.066248998929069,4.121706205454405,Rob Roy (1995),Action|Drama|Romance|War,114287,11780
3114,2.609620781487929,6.571147077640888,4.121622952964009,Toy Story 2 (1999),Adventure|Animation|Children|Comedy|Fantasy,120363,863
1,5.090728803035042,12.85318010399087,4.120557412319912,Toy Story (1995),Adventure|Animation|Children|Comedy|Fantasy,114709,862
457,5.0676282002523045,12.820163784762249,4.119775526276184,"Fugitive, The (1993)",Thriller,106977,5503
1953,0.6860561180146785,1.7391506558557375,4.118967250316736,"French Connection, The (1971)",Action|Crime|Thriller,67116,1051
1641,1.3315627186677645,3.3821013924108962,4.118198372469941,"Full Monty, The (1997)",Comedy|Drama,119164,9427
364,4.38565472338249,11.18232098581611,4.11668514934723,"Lion King, The (1994)",Adventure|Animation|Children|Drama|Musical|IMAX,110357,8587
8972,1.3621339304369862,3.47561577942598,4.116401222546349,National Treasure (2004),Action|Adventure|Drama|Mystery|Thriller,368891,2059
5902,1.4989780028262056,3.865490619785264,4.112274365196383,Adaptation (2002),Comedy|Drama|Romance,268126,2757
34162,1.1077035240336848,2.8580429348970524,4.112063797321388,Wedding Crashers (2005),Comedy|Romance,396269,9522
8874,1.6721394518622195,4.36723888019497,4.107372233735721,Shaun of the Dead (2004),Comedy|Horror,365748,747
4776,0.8037052686449827,2.0999348125061905,4.107218288788724,Training Day (2001),Crime|Drama|Thriller,139654,2034
57669,0.6780945887158059,1.77823268175207,4.105820211416789,In Bruges (2008),Comedy|Crime|Drama|Thriller,780536,8321
4979,2.57397279949055,6.806576302882697,4.102649432539321,"Royal Tenenbaums, The (2001)",Comedy|Drama,265666,9428
6502,1.4844016295245017,3.9273409644422577,4.102455769588121,28 Days Later (2002),Action|Horror|Sci-Fi,289043,170
1997,0.8694512131296231,2.3046592906887846,4.1017476575834255,"Exorcist, The (1973)",Horror|Mystery,70047,9552
6333,1.6197744413223867,4.314070427433031,4.099952851773748,X2: X-Men United (2003),Action|Adventure|Sci-Fi|Thriller,290334,36658
6773,1.1088188946623614,2.967308430997871,4.098168011974682,"Triplets of Belleville, The (Les triplettes de Belleville) (2003)",Animation|Comedy|Fantasy,286244,9662
81834,1.4158660419106797,3.829232940781865,4.0942415697213494,Harry Potter and the Deathly Hallows: Part 1 (2010),Action|Adventure|Fantasy|IMAX,926084,12444
2010,0.7502741145110405,2.030235177373345,4.094039961003949,Metropolis (1927),Drama|Sci-Fi,17136,19
8798,0.6660764550478968,1.8128808807207262,4.091902842588067,Collateral (2004),Action|Crime|Drama|Thriller,369339,1538
2871,0.8085963497030204,2.209489144126426,4.090454926766561,Deliverance (1972),Adventure|Drama|Thriller,68473,10669
1625,1.4724285367858414,4.040218066997824,4.08893254329641,"Game, The (1997)",Drama|Mystery|Thriller,119174,2649
1610,2.1326718965287035,5.868300084566033,4.087912167367193,"Hunt for Red October, The (1990)",Action|Adventure|Thriller,99810,1669
2078,0.9948618586115309,2.7556874889600156,4.085510957271401,"Jungle Book, The (1967)",Animation|Children|Comedy|Musical,61852,9325
1265,4.125751300414837,11.428098996058662,4.085507926827069,Groundhog Day (1993),Comedy|Fantasy|Romance,107048,137
441,1.0837546678946195,3.009353683649168,4.084618388863234,Dazed and Confused (1993),Comedy,106677,9571
6378,1.395901757739248,3.8944502138356465,4.082923290419489,"Italian Job, The (2003)",Action|Crime,317740,9654
1200,3.6765334979955284,10.301295692068495,4.081389864705463,Aliens (1986),Action|Adventure|Horror|Sci-Fi,90605,679
1234,1.4827961753032461,4.195734274175909,4.077895356185628,"Sting, The (1973)",Comedy|Crime,70735,9277
92259,1.0953721263904077,3.1109986406804233,4.076586309227778,Intouchables (2011),Comedy|Drama,1675434,77338
337,1.8455391495297644,5.318452136870424,4.071496548076336,What's Eating Gilbert Grape (1993),Drama,108550,1587
69757,1.2702933139907047,3.662918175123678,4.071287869601719,(500) Days of Summer (2009),Comedy|Drama|Romance,1022603,19913
76093,1.4697829165617056,4.2601315977073,4.069498521081689,How to Train Your Dragon (2010),Adventure|Animation|Children|Fantasy|IMAX,892769,10191
1907,1.1903669491380104,3.4553775457436893,4.068986624089132,Mulan (1998),Adventure|Animation|Children|Comedy|Drama|Musical|Romance,120762,10674
33794,2.372195950118006,6.891805237716649,4.068695054785882,Batman Begins (2005),Action|Crime|IMAX,372784,272
953,1.4483863730923836,4.2292420181057,4.0669592087404105,It's a Wonderful Life (1946),Children|Drama|Fantasy|Romance,38650,1585
6874,3.0016400123664178,8.857137020296994,4.063384821093302,Kill Bill: Vol. 1 (2003),Action|Crime|Thriller,266697,24
1206,3.4795160609779283,10.271810358782327,4.063233951106047,"Clockwork Orange, A (1971)",Crime|Drama|Sci-Fi|Thriller,66921,185
1566,1.1925767710957504,3.5344222797214866,4.061907438547103,Hercules (1997),Adventure|Animation|Children|Comedy|Musical,119282,11970
68358,1.10092032440147,3.2631134586764765,4.061873095935372,Star Trek (2009),Action|Adventure|Sci-Fi|IMAX,796366,13475
48516,1.843095583456913,5.4721837614273054,4.0613014468057145,"Departed, The (2006)",Crime|Drama|Thriller,407887,1422
2324,1.8509197645726985,5.498174896571302,4.06113231143464,Life Is Beautiful (La Vita è bella) (1997),Comedy|Drama|Romance|War,118799,637
6016,1.3052385405801643,3.882364900549333,4.060686479594031,City of God (Cidade de Deus) (2002),Action|Adventure|Crime|Drama|Thriller,317248,598
1250,0.6911172387998452,2.076799114332985,4.057269649901482,"Bridge on the River Kwai, The (1957)",Adventure|Drama|War,50212,826
3421,1.5176781328075453,4.606556132728787,4.053950190976686,Animal House (1978),Comedy,77975,8469
3499,0.7061303253924851,2.149212415104585,4.053042707616122,Misery (1990),Drama|Horror|Thriller,100157,1700
122904,1.4375752861513325,4.418272920387392,4.049860135570212,Deadpool (2016),Action|Adventure|Comedy|Sci-Fi,1431045,293660
81847,1.0800975329699225,3.3343607889034206,4.048419111736594,Tangled (2010),Animation|Children|Comedy|Fantasy|Musical|Romance|IMAX,398286,38757
56367,1.9224837062412863,5.9423009716223545,4.048014873476217,Juno (2007),Comedy|Drama|Romance,467406,7326
1682,2.5889911266063517,8.105103110261494,4.04391704711537,"Truman Show, The (1998)",Comedy|Drama|Sci-Fi,120382,37165
122900,0.49823627499331036,1.563540300542795,4.043148647347712,Ant-Man (2015),Action|Adventure|Sci-Fi,478970,102899
49286,0.9911485142715017,3.112549241558035,4.042925945490484,"Holiday, The (2006)",Comedy|Romance,457939,1581
45720,0.8584383457138584,2.7014169050976973,4.042263045327112,"Devil Wears Prada, The (2006)",Comedy|Drama,458352,350
1271,0.6343659658777605,2.0070312869042035,4.040561425665915,Fried Green Tomatoes (1991),Comedy|Crime|Drama,101921,1633
838,0.7629499292063346,2.4173624753281384,4.040102212914438,Emma (1996),Comedy|Drama|Romance,116191,3573
31658,1.2470395639211302,4.044461571754072,4.0328223720757705,Howl's Moving Castle (Hauru no ugoku shiro) (2004),Adventure|Animation|Fantasy|Romance,347149,4935
68157,1.4715818050637226,4.78172217284717,4.032241154972367,Inglourious Basterds (2009),Action|Drama|War,361748,16869
8228,0.7594169877278324,2.5122333351220627,4.026777276473375,"Maltese Falcon, The (a.k.a. Dangerous Female) (1931)",Mystery,22111,28257
8533,1.3162144479057742,4.360212138452495,4.026359086733109,"Notebook, The (2004)",Drama|Romance,332280,11036
47610,0.7561113866557931,2.5169521198422555,4.024897213400653,"Illusionist, The (2006)",Drama|Fantasy|Mystery|Romance,443543,1491
11,1.2143051402540235,4.054557267322373,4.023981148660956,"American President, The (1995)",Comedy|Drama|Romance,112346,9087
1408,0.9238995838303385,3.1021594345472328,4.02231436151508,"Last of the Mohicans, The (1992)",Action|Romance|War|Western,104691,9361
60684,0.6566930914389089,2.226470995182639,4.019437629468387,Watchmen (2009),Action|Drama|Mystery|Sci-Fi|Thriller|IMAX,409459,13183
2712,0.7570946709893619,2.5830416621183416,4.017591680022934,Eyes Wide Shut (1999),Drama|Mystery|Thriller,120663,345
1278,1.4007264335577074,4.8482999855047755,4.013400578839134,Young Frankenstein (1974),Comedy|Fantasy,72431,3034
55820,0.7666875851242757,2.7020235298377493,4.008235400985215,No Country for Old Men (2007),Crime|Drama,477348,6977
2248,1.326894849336248,4.690109390868866,4.007403147365183,Say Anything... (1989),Comedy|Drama|Romance,98258,2028
106696,0.6995283176644242,2.473588556315013,4.00728866037773,Frozen (2013),Adventure|Animation|Comedy|Fantasy|Musical|Romance,2294629,109445
1569,0.8200883587527332,2.9109391861225498,4.0062160789462276,My Best Friend's Wedding (1997),Comedy|Romance,119738,8874
350,0.9991637654513374,3.564905730487086,4.004767469638829,"Client, The (1994)",Drama|Mystery|Thriller,109446,10731
91542,0.7045926300512373,2.5159340241070125,4.0045417938038534,Sherlock Holmes: A Game of Shadows (2011),Action|Adventure|Comedy|Crime|Mystery|Thriller,1515091,58574
50872,1.9623047851003899,7.061866645518565,4.002363140988161,Ratatouille (2007),Animation|Children|Drama,382932,2062
112552,0.7457606226421168,2.740286662757868,3.9966366339228023,Whiplash (2014),Drama,2582802,244786
5060,0.85046630525235,3.138821824935533,3.995440516199885,M*A*S*H (a.k.a. MASH) (1970),Comedy|Drama|War,66026,651
1080,2.1059630062136305,7.8363384993462555,3.9932330026655123,Monty Python's Life of Brian (1979),Comedy,79470,583
116797,0.7453670875528112,2.8590232419319532,3.985196605123013,The Imitation Game (2014),Drama|Thriller|War,2084970,205596
8950,0.5282029668989279,2.0262362845137125,3.985171489486993,The Machinist (2004),Drama|Mystery|Thriller,361862,4553
69844,1.0343462045502032,3.9698677305135632,3.9850390167527787,Harry Potter and the Half-Blood Prince (2009),Adventure|Fantasy|Mystery|Romance|IMAX,417741,767
4886,2.9182940108310698,11.270834979514886,3.983414157530511,"Monsters, Inc. (2001)",Adventure|Animation|Children|Comedy|Fantasy,198781,585
555,0.9294858980378153,3.598814915481074,3.982765273149485,True Romance (1993),Crime|Thriller,108399,319
2291,1.3327993560858653,5.189540663260998,3.9813138937999444,Edward Scissorhands (1990),Drama|Fantasy|Romance,99487,162
16,1.3947619898847186,5.434777294293411,3.9811262057879726,Casino (1995),Crime|Drama,112641,524
333,0.8598000142461848,3.362291850772482,3.9802081560988753,Tommy Boy (1995),Comedy,114694,11381
5064,0.4711344923737025,1.8501441438559616,3.9791371104484003,The Count of Monte Cristo (2002),Action|Adventure|Drama|Thriller,245844,11362
1961,1.2924502063871444,5.1538928142900575,3.9752613975380213,Rain Man (1988),Drama,95953,380
1270,2.6626092686106224,10.627556731557979,3.975028003836462,Back to the Future (1985),Adventure|Comedy|Sci-Fi,88763,105
76251,0.6842329155718166,2.787644294799515,3.969941725131989,Kick-Ass (2010),Action|Comedy,1250777,23483
1968,1.9799178945814422,8.08368646498947,3.969417361853652,"Breakfast Club, The (1985)",Comedy|Drama,88847,2108
4995,2.2799255139711088,9.497359379713625,3.964548656782596,"Beautiful Mind, A (2001)",Drama|Romance,268978,453
3489,0.8345401342502345,3.4955977980966093,3.963230046860395,Hook (1991),Adventure|Comedy|Fantasy,102057,879
4308,1.111448447424492,4.698698433263917,3.96103364453233,Moulin Rouge (2001),Drama|Musical|Romance,203009,824
1220,1.4288445100840073,6.0562343381865205,3.9604192851630606,"Blues Brothers, The (1980)",Action|Comedy|Musical,80455,525
4306,3.1927253975917194,13.595135190239025,3.9593330040271626,Shrek (2001),Adventure|Animation|Children|Comedy|Fantasy|Romance,126029,808
2145,0.44400263660546474,1.90632029845312,3.957400500407558,Pretty in Pink (1986),Comedy|Drama|Romance,91790,11522
2005,0.7236197664812976,3.116912095302342,3.9566489047404585,"Goonies, The (1985)",Action|Adventure|Children|Comedy|Fantasy,89218,9340
2273,0.4688735182800926,2.027150929586246,3.9557864794263433,Rush Hour (1998),Action|Comedy|Crime|Thriller,120812,2109
81591,0.6838245075854384,2.980952049270672,3.953887742240516,Black Swan (2010),Drama|Thriller,947798,44214
6807,0.7988742801935972,3.5090673885371255,3.9521497306187667,Monty Python's The Meaning of Life (1983),Comedy,85959,4543
79702,0.8184539996507814,3.6231048373593207,3.950388247796689,Scott Pilgrim vs. the World (2010),Action|Comedy|Fantasy|Musical|Romance,446029,22538
4085,0.5973036003409256,2.646456323773494,3.950189109100282,Beverly Hills Cop (1984),Action|Comedy|Crime|Drama,86960,90
8961,2.3659934928704396,10.489899830709012,3.9500394489659953,"Incredibles, The (2004)",Action|Adventure|Animation|Children|Comedy,317705,9806
1259,1.3998113982314762,6.2132224821571596,3.9497853131730403,Stand by Me (1986),Adventure|Drama,92005,235
2186,0.5004803965644042,2.235621627503366,3.9483560202119174,Strangers on a Train (1951),Crime|Drama|Film-Noir|Thriller,44079,845
3175,0.9788793176038335,4.419107821398899,3.9460003667519596,Galaxy Quest (1999),Adventure|Comedy|Sci-Fi,177789,926
2804,1.1219039672799165,5.101779551815929,3.944394191233957,"Christmas Story, A (1983)",Children|Comedy,85334,850
2918,1.516781448207491,6.939553634473782,3.9430602270340103,Ferris Bueller's Day Off (1986),Comedy,91042,9377
1339,0.4585935461587616,2.1015105894294597,3.942710598727866,Dracula (Bram Stoker's Dracula) (1992),Fantasy|Horror|Romance|Thriller,103874,6114
1653,1.067317267084491,4.943654916280682,3.9403861457370413,Gattaca (1997),Drama|Sci-Fi|Thriller,119177,782
30707,0.6314506922097243,2.94014840877077,3.9392580285551313,Million Dollar Baby (2004),Drama,405159,70
52973,0.7415436764321995,3.4620488475131252,3.9386818812705955,Knocked Up (2007),Comedy|Drama|Romance,478311,4964
1333,0.5526199376624856,2.5986105112658677,3.9371494933247284,"Birds, The (1963)",Horror|Thriller,56869,571
1884,0.8726850036377818,4.10982778253305,3.936830759451138,Fear and Loathing in Las Vegas (1998),Adventure|Comedy|Drama,120669,1878
34405,0.579403307511989,2.7608597853256507,3.93435307862773,Serenity (2005),Action|Adventure|Sci-Fi,379786,16320
2028,2.57788341301658,12.336942427727472,3.9334462062414257,Saving Private Ryan (1998),Action|Drama|War,120815,857
4571,0.5942302350239743,2.901579674174776,3.9292851477460315,Bill & Ted's Excellent Adventure (1989),Adventure|Comedy|Sci-Fi,96928,1648
1221,0.9615963732784986,4.736399200461426,3.927512414907535,"Godfather: Part II, The (1974)",Crime|Drama,71562,240
5464,0.35462139943350557,1.7525945544939387,3.9268304891400287,Road to Perdition (2002),Crime|Drama,257044,4147
5995,0.5451753925919842,2.723343683762088,3.9246757642398165,"Pianist, The (2002)",Drama|War,253474,423
661,0.6430421029782237,3.2260349475764363,3.923818666838516,James and the Giant Peach (1996),Adventure|Animation|Children|Fantasy|Musical,116683,10539
595,1.7518154630088671,8.79503545484318,3.9236720815181263,Beauty and the Beast (1991),Animation|Children|Fantasy|Musical|Romance|IMAX,101414,10020
101,0.4893925944137082,2.457360495524441,3.923643479780116,Bottle Rocket (1996),Adventure|Comedy|Crime|Romance,115734,13685
3996,1.6390131438740414,8.382633206505517,3.9200146277906747,"Crouching Tiger, Hidden Dragon (Wo hu cang long) (2000)",Action|Drama|Romance,190332,146
3967,0.4271798791495987,2.2280438421706283,3.916218378334791,Billy Elliot (2000),Drama,249462,71
1356,0.9993812137391432,5.222293528755427,3.915858016963019,Star Trek: First Contact (1996),Action|Adventure|Sci-Fi|Thriller,117731,199
134130,0.6143205336296605,3.239103368434203,3.914147325825817,The Martian (2015),Adventure|Drama|Sci-Fi,3659388,286217
10,1.6239296817253268,8.614436640220367,3.913002354665474,GoldenEye (1995),Action|Adventure|Thriller,113189,710
1274,0.9574324697392397,5.131811844257603,3.9110578760093215,Akira (1988),Action|Adventure|Animation|Sci-Fi,94625,149
4963,1.3681479269487147,7.374801893449994,3.9100063374063914,Ocean's Eleven (2001),Crime|Thriller,240772,161
1253,0.4665877416298989,2.5675074916524023,3.906217623945768,"Day the Earth Stood Still, The (1951)",Drama|Sci-Fi|Thriller,43456,828
62,1.1366545231268657,6.284344147676082,3.905360594134661,Mr. Holland's Opus (1995),Drama,113862,2054
5816,1.2217581206015034,6.756144994528984,3.9053263440910775,Harry Potter and the Chamber of Secrets (2002),Adventure|Fantasy,295297,672
47099,0.7916079923162864,4.377981375220473,3.9053055060950035,"Pursuit of Happyness, The (2006)",Drama,454921,1402
1028,1.0081779643999509,5.682813112492377,3.901898020865177,Mary Poppins (1964),Children|Comedy|Fantasy|Musical,58331,433
53125,0.6205979634009386,3.5118971902498255,3.9012027670187033,Pirates of the Caribbean: At World's End (2007),Action|Adventure|Comedy|Fantasy,449088,285
109374,0.5626214362371222,3.19116724185838,3.900795585396104,"Grand Budapest Hotel, The (2014)",Comedy|Drama,2278388,120467
2947,0.7058662767210676,4.011104422867389,3.9004677875954026,Goldfinger (1964),Action|Adventure|Thriller,58150,658
551,1.4910935985362346,8.496553473961075,3.899983709728478,"Nightmare Before Christmas, The (1993)",Animation|Children|Fantasy|Musical,107688,9479
6218,0.46911960168397815,2.726175784375641,3.896569466016291,Bend It Like Beckham (2002),Comedy|Drama|Romance,286499,455
44191,0.9276432513483917,5.510023636496345,3.8928453501211617,V for Vendetta (2006),Action|Sci-Fi|Thriller|IMAX,434409,752
6870,0.48919327750595654,2.9206165967264477,3.8919863137967314,Mystic River (2003),Crime|Drama|Mystery,327056,322
1291,1.3375393667977726,7.990699485379373,3.8918767939975814,Indiana Jones and the Last Crusade (1989),Action|Adventure,97576,89
2987,1.03743665205169,6.260692033398967,3.890196155664368,Who Framed Roger Rabbit? (1988),Adventure|Animation|Children|Comedy|Crime|Fantasy|Mystery,96438,856
59315,0.9827907635842109,5.950038673056218,3.8896636128316593,Iron Man (2008),Action|Adventure|Sci-Fi,371746,1726
733,1.2282144784840558,7.4884251923785445,3.8885048301767124,"Rock, The (1996)",Action|Adventure|Thriller,117500,9802
30749,0.590518303511532,3.6720569181376534,3.8853037908705557,Hotel Rwanda (2004),Drama|War,395169,205
1127,0.5653193476625945,3.5702862266752806,3.882829815017904,"Abyss, The (1989)",Action|Adventure|Sci-Fi|Thriller,96754,2756
4239,0.2334938119314602,1.4766557741556436,3.882613075490205,Blow (2001),Crime|Drama,221027,4133
79091,0.6458068888910271,4.122585140563321,3.881140710386047,Despicable Me (2010),Animation|Children|Comedy|Crime,1323594,20352
6539,1.9587420823401487,12.51226125479992,3.8810355941483192,Pirates of the Caribbean: The Curse of the Black Pearl (2003),Action|Adventure|Comedy|Fantasy,325980,22
7147,0.9107638147041641,5.846454687029601,3.8802703001176377,Big Fish (2003),Drama|Fantasy|Romance,319061,587
2395,0.8400488926677396,5.4650768431526435,3.8782019509465453,Rushmore (1998),Comedy|Drama,128445,11545
261,0.5224761360476227,3.4141050480220754,3.8775243322504513,Little Women (1994),Drama,110367,9587
224,0.5381563430745153,3.528509945609145,3.8770063535739965,Don Juan DeMarco (1995),Comedy|Drama|Romance,112883,1909
8784,0.48249595231644227,3.169888351212445,3.8767020339044955,Garden State (2004),Comedy|Drama|Romance,333766,401
2746,0.4788080446299912,3.1695841519387598,3.8755531123076166,Little Shop of Horrors (1986),Comedy|Horror|Musical,91419,10776
349,0.9316511813771557,6.2081026191893605,3.874559968474348,Clear and Present Danger (1994),Action|Crime|Drama|Thriller,109444,9331
3448,0.37394770136843347,2.5054579939969406,3.8737429675984503,"Good Morning, Vietnam (1987)",Comedy|Drama|War,93105,801
1293,0.32915417780028877,2.241540828944949,3.8713325510032526,Gandhi (1982),Drama,83987,783
5377,0.4461175482609832,3.063242451914447,3.8701254775949807,About a Boy (2002),Comedy|Drama|Romance,276751,245
46976,0.4141170534557097,2.857721795528029,3.869401350707289,Stranger than Fiction (2006),Comedy|Drama|Fantasy|Romance,420223,1262
3527,0.42975923598251137,2.9677640304481785,3.8692988463564375,Predator (1987),Action|Sci-Fi|Thriller,93773,106
108932,0.35594420011209615,2.5147103255160546,3.8660345515729957,The Lego Movie (2014),Action|Adventure|Animation|Children|Comedy|Fantasy,1490017,137106
33004,0.318535910751055,2.3607415247219294,3.8594201864269957,"Hitchhiker's Guide to the Galaxy, The (2005)",Adventure|Comedy|Sci-Fi,371724,7453
95167,0.3217942868646708,2.400571879836201,3.8585387513021456,Brave (2012),Action|Adventure|Animation|Children,1217209,62177
3535,0.47173050637183866,3.574702611624005,3.856453325660496,American Psycho (2000),Crime|Horror|Mystery|Thriller,144084,1359
2797,0.9535942628239501,7.2750413271359875,3.8555672824736047,Big (1988),Comedy|Drama|Fantasy|Romance,94737,2280
588,1.3346277176685029,10.240875438712177,3.854813379613157,Aladdin (1992),Adventure|Animation|Children|Comedy|Musical,103639,812
4016,0.44866975337781556,3.445457909306412,3.854710403735204,"Emperor's New Groove, The (2000)",Adventure|Animation|Children|Comedy|Fantasy,120917,11688
161,0.8491265516292373,6.528181728600876,3.8545606880686583,Crimson Tide (1995),Drama|Thriller|War,112740,8963
5989,0.9118294246551191,7.1949750627853355,3.851221200817876,Catch Me If You Can (2002),Crime|Drama,264464,640
3147,0.6969900996849838,5.514228019270431,3.8508882638182733,"Green Mile, The (1999)",Crime|Drama,120689,497
2716,1.1185218020291565,8.84920715272774,3.8508877495798344,Ghostbusters (a.k.a. Ghost Busters) (1984),Action|Comedy|Sci-Fi,87332,620
45447,0.33864330177128266,2.698659816136029,3.849975481168786,"Da Vinci Code, The (2006)",Drama|Mystery|Thriller,382625,591
3034,0.33918400070401317,2.7054327283998174,3.8498611909532885,Robin Hood (1973),Adventure|Animation|Children|Comedy|Musical,70608,11886
2791,0.9028703240123828,7.264963065541398,3.848767124184147,Airplane! (1980),Comedy,80339,813
1275,0.31818563874871,2.5652435733291026,3.8485269509159425,Highlander (1986),Action|Adventure|Fantasy,91203,8009
2278,0.2817226103563542,2.359947386153922,3.8438663941563846,Ronin (1998),Action|Crime|Thriller,122690,8195
915,0.201713556866791,1.7392133862833612,3.8404694925317595,Sabrina (1954),Comedy|Romance,47437,6620
7438,0.8531965985595868,7.3641147664130955,3.8403484577893447,Kill Bill: Vol. 2 (2004),Action|Drama|Thriller,378194,393
4720,0.3960427596964564,3.4259914945563836,3.8400892201219334,"Others, The (2001)",Drama|Horror|Mystery|Thriller,230600,1933
5010,0.23636732515796036,2.06097281159527,3.839177000495219,Black Hawk Down (2001),Action|Drama|War,265086,855
2420,0.2618929566916417,2.2888782082381254,3.83890953276994,"Karate Kid, The (1984)",Drama,87538,1885
2087,0.24052333251210142,2.1070130412200427,3.8386434407478194,Peter Pan (1953),Animation|Children|Fantasy|Musical,46183,10693
3471,0.36674545489376725,3.2834093400852815,3.8361862995251146,Close Encounters of the Third Kind (1977),Adventure|Drama|Sci-Fi,75860,840
3033,0.4268867683828165,3.8348180553820654,3.8358084167496926,Spaceballs (1987),Comedy|Sci-Fi,94012,957
509,0.5088861215967805,4.611671432574134,3.834837208714278,"Piano, The (1993)",Drama|Romance,107822,713
2529,0.27960923162878176,2.7290191272703144,3.8269475348096007,Planet of the Apes (1968),Action|Drama|Sci-Fi,63442,871
2003,0.20534175585372105,2.023050544685711,3.825990796420864,Gremlins (1984),Comedy|Horror,87363,927
3301,0.3279619548220295,3.235042908687961,3.825867694976016,"Whole Nine Yards, The (2000)",Comedy|Crime,190138,2069
1527,0.9005776724675285,8.99609479191303,3.8245974085203915,"Fifth Element, The (1997)",Action|Adventure|Comedy|Sci-Fi,119116,18
4447,0.6093643747094545,6.099973657221527,3.8243860100752656,Legally Blonde (2001),Comedy|Romance,250494,8835
4034,0.4250644142049981,4.3146220143484975,3.823006957856137,Traffic (2000),Crime|Drama|Thriller,181865,1900
110,1.3618818655813427,14.147972809435114,3.820749647959733,Braveheart (1995),Action|Drama|War,112573,197
1500,0.3255125742492485,3.4087426690697726,3.8199832110445566,Grosse Pointe Blank (1997),Comedy|Crime|Romance,119229,9434
30810,0.22099457546040718,2.367983179125779,3.817815831374396,"Life Aquatic with Steve Zissou, The (2004)",Adventure|Comedy|Fantasy,362270,421
1923,0.5376052321759774,5.905953851833588,3.8155174528617777,There's Something About Mary (1998),Comedy|Romance,129387,544
3911,0.5133922244974662,5.729372687061264,3.8140968372005353,Best in Show (2000),Comedy,218839,13785
671,0.2378864936960566,2.6661075289747864,3.813715906225112,Mystery Science Theater 3000: The Movie (1996),Comedy|Sci-Fi,117128,3065
45722,0.3354115588712415,3.838715804592896,3.8118657540692613,Pirates of the Caribbean: Dead Man's Chest (2006),Action|Adventure|Fantasy,383574,58
2406,0.30615106136802916,3.5121324381010175,3.811659337384754,Romancing the Stone (1984),Action|Adventure|Comedy|Romance,88011,9326
3052,0.5197202978528406,5.992722952312133,3.811215015032176,Dogma (1999),Adventure|Comedy|Fantasy,120655,1832
1036,0.8060571767232004,9.463786491913737,3.809662585080416,Die Hard (1988),Action|Crime|Thriller,95016,562
2355,0.37182981851645014,4.498011390926303,3.807155157015756,"Bug's Life, A (1998)",Adventure|Animation|Children|Comedy,120623,9487
2795,0.23308437161239026,2.860437054224352,3.8059753471499933,National Lampoon's Vacation (1983),Comedy,85995,11153
1263,0.25274472744513976,3.107391920633838,3.8058263806054384,"Deer Hunter, The (1978)",Drama|War,77416,11778
919,0.44421676992695475,5.518137164099947,3.804991000621242,"Wizard of Oz, The (1939)",Adventure|Children|Fantasy|Musical,32138,630
5218,0.5134666446675951,6.693290291572047,3.8012034218910085,Ice Age (2002),Adventure|Animation|Children|Comedy,268380,425
3362,0.18192306749662662,2.449458188494978,3.798760503653002,Dog Day Afternoon (1975),Crime|Drama,72890,968
7254,0.1154408762868506,1.5996987794790738,3.7966538843102797,The Butterfly Effect (2004),Drama|Sci-Fi|Thriller,289879,1954
1370,0.3186135041729881,4.584854258969333,3.7939823940870196,Die Hard 2 (1990),Action|Adventure|Thriller,99423,1573
2076,0.23939597283716435,3.4588926186105735,3.7937015148186233,Blue Velvet (1986),Drama|Mystery|Thriller,90756,793
5418,0.3898786312793567,5.826605800286846,3.7914032919964216,"Bourne Identity, The (2002)",Action|Mystery|Thriller,258463,2501
4361,0.15938084128533736,2.396873248992324,3.7909850830000082,Tootsie (1982),Comedy|Romance,84805,9576
2321,0.33102816244333066,5.104234694504894,3.789343415981349,Pleasantville (1998),Comedy|Drama|Fantasy,120789,2657
1307,0.427541672004674,6.6002794243229,3.7892660848816555,When Harry Met Sally... (1989),Comedy|Romance,98635,639
3755,0.18049751448384188,2.8227366927919144,3.7884339289296483,"Perfect Storm, The (2000)",Drama|Thriller,177971,2133
7458,0.2108954782520293,3.3977841565225084,3.7865583107116545,Troy (2004),Action|Adventure|Drama|War,332452,652
77561,0.1486879140284586,2.49816029138816,3.7840087367253625,Iron Man 2 (2010),Action|Adventure|Sci-Fi|Thriller|IMAX,1228705,10138
3408,0.2618206639048819,4.479310988923936,3.782940884958892,Erin Brockovich (2000),Drama,195685,462
1077,0.10626875876770019,1.9395009681507975,3.779281572628458,Sleeper (1973),Comedy|Sci-Fi,70707,11561
508,0.2532952095799292,4.644228863449228,3.779029561827329,Philadelphia (1993),Drama,107818,9800
1784,0.3740080253042575,6.901089607049406,3.7786852914712314,As Good as It Gets (1997),Comedy|Drama|Romance,119822,2898
53996,0.16156574497171208,2.989280183911259,3.77853815571847,Transformers (2007),Action|Sci-Fi|Thriller|IMAX,418279,1858
480,0.6570417136569157,12.500299985032523,3.7770518673791775,Jurassic Park (1993),Action|Adventure|Sci-Fi|Thriller,107290,329
150,0.7174350562262346,14.070784223853337,3.7754773594986863,Apollo 13 (1995),Adventure|Drama|IMAX,112384,568
107,0.10979576326969605,2.1650337882103883,3.7752029594516205,Muppet Treasure Island (1996),Adventure|Children|Comedy|Musical,117110,10874
2396,0.25892922557575476,5.184024736600282,3.7744373152270896,Shakespeare in Love (1998),Comedy|Drama|Romance,138097,1934
594,0.22892325601378838,4.6215732862393955,3.7740234054278803,Snow White and the Seven Dwarfs (1937),Animation|Children|Drama|Fantasy|Musical,29583,408
7,0.11541237336061573,2.354618160483297,3.773505099665801,Sabrina (1995),Comedy|Romance,114319,11860
45499,0.20691016831333237,4.374678561948088,3.771787012864971,X-Men: The Last Stand (2006),Action|Sci-Fi|Thriller,376994,36668
3210,0.11543098086697946,2.6148207961876535,3.7686346707374754,Fast Times at Ridgemont High (1982),Comedy|Drama|Romance,83929,13342
141,0.17968083306332847,4.1562611478246,3.7677211481942035,"Birdcage, The (1996)",Comedy,115685,11000
4816,0.08342068894807592,2.0767504696691064,3.7646586317980733,Zoolander (2001),Comedy,196229,9398
61323,0.09920950820453064,2.580435166796094,3.762936593975655,Burn After Reading (2008),Comedy|Crime|Drama,887883,4944
3578,0.3919493142269703,10.496395148924497,3.7618311184700253,Gladiator (2000),Action|Adventure|Drama,172495,98
2502,0.2889089962735418,7.7693380922781765,3.761675583903948,Office Space (1999),Comedy|Crime,151804,1542
5444,0.09678427346746213,2.7505953684614837,3.759676446557915,Lilo & Stitch (2002),Adventure|Animation|Children|Sci-Fi,275847,11544
5013,0.10589170354435726,3.142439966665924,3.758187072865691,Gosford Park (2001),Comedy|Drama|Mystery,280707,5279
58998,0.07572078699258594,2.3465445956187567,3.7567588415887196,Forgetting Sarah Marshall (2008),Comedy|Romance,800039,9870
91500,0.13915992675238056,4.31252862819387,3.756758542744499,The Hunger Games (2012),Action|Adventure|Drama|Sci-Fi|Thriller,1392170,70160
25,0.13942583492601343,4.338841270383983,3.756624136426135,Leaving Las Vegas (1995),Drama|Romance,113627,451
3418,0.05773830473601227,2.0011533993646533,3.753342294633281,Thelma & Louise (1991),Adventure|Crime|Drama,103074,1541
2916,0.15796070489641956,5.554966267258316,3.752925733935043,Total Recall (1990),Action|Adventure|Sci-Fi|Thriller,100802,861
7293,0.07196886237361487,2.5497065285090503,3.752716116611588,50 First Dates (2004),Comedy|Romance,343660,1824
4022,0.14560390943142903,5.407760185452403,3.75141478473317,Cast Away (2000),Drama,162222,8358
5349,0.23681460875167348,9.180831130662588,3.750284256091618,Spider-Man (2002),Action|Adventure|Sci-Fi|Thriller,145487,557
8529,0.0590698389206493,2.530211868466982,3.7478355940750414,"Terminal, The (2004)",Comedy|Drama|Romance,362227,594
468,0.07384473639821387,3.4196742238432964,3.7460838747605156,"Englishman Who Went Up a Hill But Came Down a Mountain, The (1995)",Comedy|Romance,112966,10612
1032,0.052087793858338435,2.524459103414019,3.745123036977672,Alice in Wonderland (1951),Adventure|Animation|Children|Fantasy|Musical,43274,12092
7143,0.05342968983617463,2.6744924035120707,3.7444672951210247,"Last Samurai, The (2003)",Action|Adventure|Drama|War,325710,616
3481,0.10092055594258356,5.730497206835561,3.7421009271498895,High Fidelity (2000),Comedy|Drama|Romance,146882,243
1777,0.08084537274986468,4.905400024558212,3.740970685522525,"Wedding Singer, The (1998)",Comedy|Romance,120888,11003
4641,0.04373127422478454,3.1410076675413103,3.7384124809070136,Ghost World (2001),Comedy|Drama,162346,1548
1380,0.043124026812581304,4.467694794515212,3.734142204854876,Grease (1978),Comedy|Musical|Romance,77631,621
235,0.05701076876902972,6.3000234097607795,3.733539089232327,Ed Wood (1994),Comedy|Drama,109707,522
520,0.02681873573116196,3.0595292666351592,3.7332554342333815,Robin Hood: Men in Tights (1993),Comedy,107977,8005
474,0.028146485173666705,3.4434810545015098,3.7326636399309625,In the Line of Fire (1993),Action|Thriller,107206,9386
8665,0.03523070983662835,4.439414009951023,3.732425686065528,"Bourne Supremacy, The (2004)",Action|Crime|Thriller,372183,2502
34,0.05578191244768138,8.420574979537781,3.731114272983028,Babe (1995),Children|Drama,112431,9598
54286,0.010990372841639062,4.2570058928993255,3.7270715095773164,"Bourne Ultimatum, The (2007)",Action|Crime|Thriller,440963,2503
21,-0.0006738734192255971,6.090912341749793,3.7243791600610803,Get Shorty (1995),Comedy|Crime|Thriller,113161,8012
3039,-0.0030975810623763422,2.3868637272012436,3.7231920344545206,Trading Places (1983),Comedy,86465,1621
49530,-0.009375736609280427,2.1821504803215563,3.7201932396555093,Blood Diamond (2006),Action|Adventure|Crime|Drama|Thriller|War,450259,1372
33679,-0.016829604085223188,2.522884382027578,3.717819019590155,Mr. & Mrs. Smith (2005),Action|Adventure|Comedy|Romance,356910,787
112,-0.016203188340655567,1.812256650775572,3.715548910314314,Rumble in the Bronx (Hont faan kui) (1995),Action|Adventure|Comedy|Crime,113326,33542
37729,-0.03588460354764235,3.1714797100475067,3.713175016851934,Corpse Bride (2005),Animation|Comedy|Fantasy|Musical|Romance,121164,3933
1088,-0.06426280942457417,4.966067094827018,3.711549415682439,Dirty Dancing (1987),Drama|Musical|Romance,92890,88
3994,-0.05377206140481926,3.891643242620616,3.7106724842494545,Unbreakable (2000),Drama|Sci-Fi,217869,9741
3176,-0.026520405432039568,1.750785042094206,3.7093420823803287,"Talented Mr. Ripley, The (1999)",Drama|Mystery|Thriller,134119,1213
1210,-0.1666841756137422,9.956912854153538,3.7077492497958144,Star Wars: Episode VI - Return of the Jedi (1983),Action|Adventure|Sci-Fi,86190,1892
590,-0.1480619429169309,8.787490257335051,3.7076406249114156,Dances with Wolves (1990),Adventure|Drama|Western,99348,581
252,-0.07884509441830637,3.6264246459013783,3.7027479757028012,I.Q. (1994),Comedy|Romance,110099,11777
5388,-0.04592469646320619,2.1027478589721302,3.7026494813856776,Insomnia (2002),Action|Crime|Drama|Mystery|Thriller,278504,320
32587,-0.09251378192594076,3.8566916567978757,3.7005019415160016,Sin City (2005),Action|Crime|Film-Noir|Mystery|Thriller,401792,187
539,-0.19058476378985614,7.495655113655953,3.6990637677094904,Sleepless in Seattle (1993),Comedy|Drama|Romance,108160,858
34048,-0.06448672057164301,2.319662955063246,3.6966897689226963,War of the Worlds (2005),Action|Adventure|Sci-Fi|Thriller,407304,74
3462,-0.06407333564176097,2.21710749724739,3.6955902920279127,Modern Times (1936),Comedy|Drama|Romance,27977,3082
112556,-0.0961692434821036,3.240150843082965,3.694809321625965,Gone Girl (2014),Drama|Thriller,2267998,210577
592,-0.3189899746240685,10.328591836868702,3.6936056300244995,Batman (1989),Action|Crime|Thriller,96895,268
377,-0.4515471313045254,11.570488363971988,3.685464036756396,Speed (1994),Action|Romance|Thriller,111257,1637
72998,-0.41871020353771105,10.196258503851118,3.6834247167705128,Avatar (2009),Action|Adventure|Sci-Fi|IMAX,499549,19995
2288,-0.14611645485809804,3.533938043402636,3.6831431702229196,"Thing, The (1982)",Action|Horror|Sci-Fi|Thriller,84787,1091
357,-0.2361450046890358,5.418444541081009,3.6809081076096715,Four Weddings and a Funeral (1994),Comedy|Romance,109831,712
3793,-0.448320661238452,9.302238897825696,3.676294880912655,X-Men (2000),Action|Adventure|Sci-Fi,120903,36657
6863,-0.1952613876103167,3.964682814079349,3.675239616896044,School of Rock (2003),Comedy|Musical,332379,1584
5445,-0.3339075375357767,6.645285112812483,3.674242518093567,Minority Report (2002),Action|Crime|Mystery|Sci-Fi|Thriller,181689,180
87232,-0.1661977248955872,3.15479340177573,3.671808795596432,X-Men: First Class (2011),Action|Adventure|Sci-Fi|Thriller|War,1270798,49538
109487,-0.23458325957362053,4.414290811866787,3.671348030586271,Interstellar (2014),Sci-Fi|IMAX,816692,157336
2140,-0.14317725843060553,2.680192653118127,3.671069305848915,"Dark Crystal, The (1982)",Adventure|Fantasy,83791,11639
2951,-0.16602928820212037,3.0438776942646695,3.669944492087779,"Fistful of Dollars, A (Per un pugno di dollari) (1964)",Action|Western,58461,391
31,-0.1674261744880935,2.9987271017550476,3.668657400046896,Dangerous Minds (1995),Drama,112792,9909
2761,-0.10723500995610044,1.8799628638714219,3.6674488006008987,"Iron Giant, The (1999)",Adventure|Animation|Children|Drama|Sci-Fi,129167,10386
1059,-0.12646431723033108,2.169917316469618,3.6662091149035705,William Shakespeare's Romeo + Juliet (1996),Drama|Romance,117509,454
3948,-0.35590512162563653,5.945501846104648,3.664628564524152,Meet the Parents (2000),Comedy,212338,1597
454,-0.3830528748917903,6.173835700646801,3.6624452532028693,"Firm, The (1993)",Drama|Thriller,106918,37233
1466,-0.16126996186199832,2.55754656278957,3.6614333100064895,Donnie Brasco (1997),Crime|Drama,119008,9366
41566,-0.24997614705649843,3.9373083212736293,3.6610007157727322,"Chronicles of Narnia: The Lion, the Witch and the Wardrobe, The (2005)",Adventure|Children|Fantasy,363771,411
2011,-0.3383246090570718,5.15158320573657,3.658815899201251,Back to the Future Part II (1989),Adventure|Comedy|Sci-Fi,96874,165
1994,-0.16857243613149384,2.5616683895639834,3.658684100297284,Poltergeist (1982),Horror|Thriller,84516,609
368,-0.3051826599409283,4.489428912052872,3.65651175284399,Maverick (1994),Adventure|Comedy|Western,110478,9359
119145,-0.1987351539484279,2.849595342875737,3.654748285179387,Kingsman: The Secret Service (2015),Action|Adventure|Comedy|Crime,2802144,207703
5956,-0.1465091998393439,2.0853106544121647,3.6542320962937787,Gangs of New York (2002),Crime|Drama,217505,3131
165,-0.5271154119425797,7.4208802951895505,3.653458419593257,Die Hard: With a Vengeance (1995),Action|Crime|Thriller,112864,1572
2915,-0.2568446367959944,3.286878884163163,3.646347409872098,Risky Business (1983),Comedy,86200,9346
54272,-0.18473536227645415,2.3264213803066682,3.6450823057565414,"Simpsons Movie, The (2007)",Animation|Comedy,462538,35
2700,-0.4574142849800869,5.469482976484903,3.640859550917804,"South Park: Bigger, Longer and Uncut (1999)",Animation|Comedy|Musical,158983,9473
1954,-0.2692565415584391,3.1827823542055502,3.639891973323041,Rocky (1976),Drama,75148,1366
216,-0.27138927336308316,3.2021685883350166,3.639738109326967,Billy Madison (1995),Comedy,112508,11017
2671,-0.4125229729298464,4.818014586328997,3.6388688664011672,Notting Hill (1999),Comedy|Romance,125439,509
543,-0.21128042401638125,2.4175913074754867,3.6370968871292897,So I Married an Axe Murderer (1993),Comedy|Romance|Thriller,108174,10442
1374,-0.3397561465582817,3.8863298106785678,3.6370664233056385,Star Trek II: The Wrath of Khan (1982),Action|Adventure|Sci-Fi|Thriller,84726,154
39183,-0.14903495939188222,1.6461060098827793,3.6339519642360303,Brokeback Mountain (2005),Drama|Romance,388795,142
2000,-0.34158537485288243,3.6832604493127863,3.6317498751840915,Lethal Weapon (1987),Action|Comedy|Crime|Drama,93409,941
180,-0.1771394485187438,1.883562220460659,3.630444931060887,Mallrats (1995),Comedy|Romance,113749,2293
440,-0.5296373093172969,5.502140328640316,3.6282295805436053,Dave (1993),Comedy|Romance,106673,11566
6188,-0.29870424977313476,3.0998115057190545,3.6281277581428455,Old School (2003),Comedy,302886,11635
70286,-0.4565089252497396,4.572905003356762,3.6246607320988535,District 9 (2009),Mystery|Sci-Fi|Thriller,1136608,17654
3717,-0.21484923210727097,2.1142144006281534,3.6228685363043103,Gone in 60 Seconds (2000),Action|Crime,187078,9679
4262,-0.2448703796426057,2.4081127592810514,3.622804242775848,Scarface (1983),Action|Crime|Drama,86250,111
2407,-0.18104248011998275,1.7659897166617529,3.621973696364794,Cocoon (1985),Comedy|Sci-Fi,88933,10328
46723,-0.20083780153820657,1.9527471866921395,3.6216409990755873,Babel (2006),Drama|Thriller,449467,1164
7022,-0.323611034054273,3.1294895762810517,3.6210828591769766,Battle Royale (Batoru rowaiaru) (2000),Action|Drama|Horror|Thriller,266308,3176
1093,-0.35569396982707835,3.363724862858767,3.6187457536482937,"Doors, The (1991)",Drama,101761,10537
2124,-0.24744761335683307,2.2997770811472935,3.61689349548168,"Addams Family, The (1991)",Children|Comedy|Fantasy,101272,2907
1097,-0.6913717113718812,6.3759638148856554,3.616055742179901,E.T. the Extra-Terrestrial (1982),Children|Drama|Sci-Fi,83866,601
69122,-0.5374137974967912,4.851968791967833,3.6137278125304144,"Hangover, The (2009)",Comedy|Crime,1119646,18785
33166,-0.27393624822241547,2.4357975176542346,3.6120271902319883,Crash (2004),Crime|Drama,375679,1640
783,-0.5590216785886305,4.965790577203289,3.611915260741547,"Hunchback of Notre Dame, The (1996)",Animation|Children|Drama|Musical|Romance,116583,10545
2890,-0.3226109970672237,2.821009683090824,3.6101297195808484,Three Kings (1999),Action|Adventure|Comedy|Drama|War,120188,6415
3751,-1.0000359046802187,8.441229213321499,3.606019397717165,Chicken Run (2000),Animation|Children|Comedy,120630,7443
2174,-0.7566693111611467,6.269284600582427,3.6037951331818587,Beetlejuice (1988),Comedy|Fantasy,94721,4011
4128,-0.2559473884646102,2.1024222121705862,3.6027505633114534,"Lost Boys, The (1987)",Comedy|Horror|Thriller,93437,1547
51540,-0.30867178517685057,2.5155811829288957,3.601785879794481,Zodiac (2007),Crime|Drama|Thriller,443706,1949
1393,-0.6736719516952279,5.367208997022807,3.598973568293789,Jerry Maguire (1996),Drama|Romance,116695,9390
1584,-0.4449226041671158,3.5273150506510205,3.5983534934781596,Contact (1997),Drama|Sci-Fi,118884,686
1022,-0.41208137238427445,3.158063452807333,3.594004374058798,Cinderella (1950),Animation|Children|Fantasy|Musical|Romance,42332,11224
2100,-0.31143346038729836,2.3855615513582205,3.5939405214044866,Splash (1984),Comedy|Fantasy|Romance,88161,2619
708,-0.4302751150723264,3.207838444718997,3.5903574234953397,"Truth About Cats & Dogs, The (1996)",Comedy|Romance,117979,8866
253,-0.7757763071527923,5.781189772672939,3.5903000869712414,Interview with the Vampire: The Vampire Chronicles (1994),Drama|Horror,110148,628
59784,-0.7049408046070471,5.226445680595003,3.589610240517107,Kung Fu Panda (2008),Action|Animation|Children|Comedy|IMAX,441773,9502
648,-1.0460236493294381,7.713719421083858,3.588884200663664,Mission: Impossible (1996),Action|Adventure|Mystery|Thriller,117060,954
1285,-0.5204608684724998,3.7992863593170867,3.58750071895472,Heathers (1989),Comedy,97493,2640
2542,-0.47794305252974484,3.4704396177975867,3.5867715332635646,"Lock, Stock & Two Smoking Barrels (1998)",Comedy|Crime|Thriller,120735,100
8622,-0.43301475085520197,3.112421771973846,3.5853651388331116,Fahrenheit 9/11 (2004),Documentary,361596,1777
5299,-0.5815428157013023,4.16836181489538,3.5849763126814485,My Big Fat Greek Wedding (2002),Comedy|Romance,259446,8346
2006,-0.5152166225588058,3.6552535934070485,3.5835374738863814,"Mask of Zorro, The (1998)",Action|Comedy|Romance,120746,9342
8636,-1.0401171237272253,7.34197795871703,3.582822660997978,Spider-Man 2 (2004),Action|Adventure|Sci-Fi|IMAX,316654,558
8644,-0.543786885632768,3.817579776442199,3.5820469983779963,"I, Robot (2004)",Action|Adventure|Sci-Fi|Thriller,343818,2048
4014,-0.514077142289728,3.607272518361988,3.5819785226054517,Chocolat (2000),Drama|Romance,241303,392
3753,-0.5239793491421667,3.6331074358987325,3.580266368958487,"Patriot, The (2000)",Action|Drama|War,187393,2024
106782,-0.5599126898123612,3.8812288530208097,3.580228128607792,"Wolf of Wall Street, The (2013)",Comedy|Crime|Drama,993846,106646
342,-0.44200563975848417,3.0399104055748425,3.5790889664902803,Muriel's Wedding (1994),Comedy,110598,236
597,-1.290576495785674,8.824855594104047,3.5782464567747128,Pretty Woman (1990),Comedy|Romance,100405,114
3072,-0.44763573837853804,2.965959836600505,3.5735654368187357,Moonstruck (1987),Comedy|Romance,93565,2039
2353,-0.4212867580977823,2.748960556989156,3.5712367404048506,Enemy of the State (1998),Action|Thriller,120660,9798
3186,-0.4614263706312345,2.9409395982518247,3.5675922472546784,"Girl, Interrupted (1999)",Drama,172493,3558
616,-0.4758572868604205,3.006987637085562,3.566239351938761,"Aristocats, The (1970)",Animation|Children,65421,10112
2581,-0.32715353482601595,2.0607230643148693,3.5657332013352954,Never Been Kissed (1999),Comedy|Romance,151738,11355
380,-2.008758257941596,12.399138857744118,3.5624819243250014,True Lies (1994),Action|Adventure|Comedy|Romance|Thriller,111503,36955
3255,-0.3199249025282795,1.9199443034992592,3.5578574955371067,"League of Their Own, A (1992)",Comedy|Drama,104694,11287
8360,-1.3285271914427255,7.965287998558546,3.5577002178273345,Shrek 2 (2004),Adventure|Animation|Children|Comedy|Musical|Romance,298148,809
134853,-0.7283113233240144,4.358953626789155,3.5574058536245023,Inside Out (2015),Adventure|Animation|Children|Comedy|Drama|Fantasy,2096673,150540
1042,-0.5279159386030622,3.0932318279283204,3.5538217705965773,That Thing You Do! (1996),Comedy|Drama,117887,9591
2144,-1.0746519644227919,6.286339179858247,3.5535394601624324,Sixteen Candles (1984),Comedy|Romance,88128,15144
2,-1.064392684844276,6.142324575205478,3.5512015727833264,Jumanji (1995),Adventure|Children|Fantasy,113497,8844
6155,-0.5780207114492266,3.315972864327578,3.550175782871573,How to Lose a Guy in 10 Days (2003),Comedy|Romance,251127,9919
348,-0.6067744112611043,3.4421709253039774,3.548213182074473,Bullets Over Broadway (1994),Comedy,109348,11382
51662,-1.1985968232184454,6.60060033892537,3.5429007615753862,300 (2007),Action|Fantasy|War|IMAX,416449,1271
52722,-0.6358868863764803,3.4940381227477197,3.5424978765272597,Spider-Man 3 (2007),Action|Adventure|Sci-Fi|Thriller|IMAX,413300,559
3702,-0.39605917847825817,2.1413143503864496,3.539529099490921,Mad Max (1979),Action|Adventure|Sci-Fi,79501,9659
1580,-2.4571262333019366,13.07355492433081,3.53654351355084,Men in Black (a.k.a. MIB) (1997),Action|Comedy|Sci-Fi,119654,607
1302,-0.6183650505161784,3.1518432841144746,3.528298298250547,Field of Dreams (1989),Children|Drama|Fantasy,97351,2323
3006,-0.4386747578279047,2.2176870325900184,3.5266825518960507,"Insider, The (1999)",Drama|Thriller,140352,9008
553,-0.5594233330762868,2.8184133637483635,3.526001120771155,Tombstone (1993),Action|Drama|Western,108358,11969
45517,-0.3717308809661446,1.8497429894319308,3.523526374444942,Cars (2006),Animation|Children|Comedy,317219,920
5957,-0.5215666240005858,2.586151329726797,3.522813112760386,Two Weeks Notice (2002),Comedy|Romance,313737,2642
300,-1.1636716744667996,5.757847377328661,3.5223879692970343,Quiz Show (1994),Drama,110932,11450
31685,-0.7538551193434374,3.6444384689065172,3.517639023453864,Hitch (2005),Comedy|Romance,386588,8488
1608,-0.4363847606383511,2.0920849180816727,3.5159014406951306,Air Force One (1997),Action|Thriller,118571,9772
2470,-0.7540411644214406,3.5941624697294428,3.514693783362989,Crocodile Dundee (1986),Adventure|Comedy,90555,9671
8464,-0.6761744152516372,3.2072894702880945,3.5136656059936864,Super Size Me (2004),Comedy|Documentary|Drama,390521,9372
4975,-0.4444161508892622,2.0666673153214394,3.5094498944525436,Vanilla Sky (2001),Mystery|Romance|Sci-Fi|Thriller,259711,1903
2706,-1.1385114722723697,5.247791790936184,3.507539257353131,American Pie (1999),Comedy|Romance,163651,2105
2657,-1.0844814309134763,4.906945225743219,3.503480357252832,"Rocky Horror Picture Show, The (1975)",Comedy|Horror|Musical|Sci-Fi,73629,36685
66097,-0.7551238111487366,3.3131941312833346,3.49657571865234,Coraline (2009),Animation|Fantasy|Thriller,327597,14836
1029,-0.5342584288383059,2.3077785006627285,3.492986557118958,Dumbo (1941),Animation|Children|Drama|Musical,33563,11360
3081,-0.7435256979396143,3.1976918994227543,3.4919703760347898,Sleepy Hollow (1999),Fantasy|Horror|Mystery|Romance,162661,2668
2115,-1.3709552914627556,5.888005889366831,3.491651194126211,Indiana Jones and the Temple of Doom (1984),Action|Adventure|Fantasy,87469,87
64957,-0.7774692222005772,3.3133115763045367,3.4898396672946084,"Curious Case of Benjamin Button, The (2008)",Drama|Fantasy|Mystery|Romance,421715,4922
1517,-1.7242811560229006,7.2554916402462215,3.4868379586801472,Austin Powers: International Man of Mystery (1997),Action|Adventure|Comedy,118655,816
54503,-0.7774921116573532,3.244725770921815,3.4848726674054262,Superbad (2007),Comedy,829482,8363
1060,-0.6648658319286849,2.7098581270518336,3.479139096580716,Swingers (1996),Comedy|Drama,117802,10218
2081,-1.4679446893548702,5.891539620812918,3.4753283653463547,"Little Mermaid, The (1989)",Animation|Children|Comedy|Musical|Romance,97757,10144
4370,-1.1627097403189974,4.664285744679537,3.4752105804744886,A.I. Artificial Intelligence (2001),Adventure|Drama|Sci-Fi,212720,644
3698,-0.4379934796697569,1.7324133714687373,3.471667210927672,"Running Man, The (1987)",Action|Sci-Fi,93894,865
5679,-0.6602190053798247,2.5379661671996034,3.464352858800969,"Ring, The (2002)",Horror|Mystery|Thriller,298130,565
500,-2.4259113640929115,9.219450967401492,3.461360124797942,Mrs. Doubtfire (1993),Comedy|Drama,107614,788
3253,-1.0948683299546653,4.16043682137066,3.4613279901269856,Wayne's World (1992),Comedy,105793,8872
6373,-1.1350204168672278,4.312625250624169,3.461304360662308,Bruce Almighty (2003),Comedy|Drama|Fantasy|Romance,315327,310
2640,-0.5060685629149253,1.8887551386112804,3.45655231443544,Superman (1978),Action|Adventure|Sci-Fi,78346,1924
2012,-1.2992179946375428,4.828910690405239,3.455439939981053,Back to the Future Part III (1990),Adventure|Comedy|Sci-Fi|Western,99088,196
3868,-0.5686996179871461,2.061784941947856,3.448661153178728,"Naked Gun: From the Files of Police Squad!, The (1988)",Action|Comedy|Crime|Romance,95705,37136
552,-0.9788516571372928,3.5276152819469657,3.447007332151916,"Three Musketeers, The (1993)",Action|Adventure|Comedy|Romance,108333,10057
8641,-1.4705511621063092,5.292366993763875,3.446627190022652,Anchorman: The Legend of Ron Burgundy (2004),Comedy,357413,8699
3809,-0.7673046371748071,2.7246772119537197,3.442876857624045,What About Bob? (1991),Comedy,103241,10276
35836,-1.4457505067012304,5.1321532443976245,3.4427853813872873,"40-Year-Old Virgin, The (2005)",Comedy|Romance,405422,6957
1674,-0.702347509151931,2.491834175027813,3.442630258742482,Witness (1985),Drama|Romance|Thriller,90329,9281
485,-0.9873201179219641,3.4861409501601717,3.4412769686619784,Last Action Hero (1993),Action|Adventure|Comedy|Fantasy,107362,9593
56775,-0.7664955964530129,2.6801983024080904,3.4385052440365964,National Treasure: Book of Secrets (2007),Action|Adventure,465234,6637
1947,-0.9189658221625606,3.203052234639189,3.437586720994582,West Side Story (1961),Drama|Musical|Romance,55614,1725
2617,-2.054789624192174,7.002771717590451,3.431064647472425,"Mummy, The (1999)",Action|Adventure|Comedy|Fantasy|Horror|Thriller,120616,564
63082,-1.4027355653692455,4.693443694743516,3.425618570922309,Slumdog Millionaire (2008),Crime|Drama|Romance,1010048,12405
339,-2.0868404582320643,6.928719843997391,3.423302822851041,While You Were Sleeping (1995),Comedy|Romance,114924,2064
4643,-0.8579047204217916,2.8482918593091973,3.423290178183181,Planet of the Apes (2001),Action|Adventure|Drama|Sci-Fi,133152,869
2724,-0.8789971135873875,2.8808065345949725,3.419368019113875,Runaway Bride (1999),Comedy|Romance,163187,4806
2105,-0.9154598975453923,2.8579361786215003,3.4041678852782757,Tron (1982),Action|Adventure|Sci-Fi,84827,97
1407,-1.2747249466050974,3.973608876342147,3.4036920864616635,Scream (1996),Comedy|Horror|Mystery|Thriller,117571,4232
70,-0.9701822190268264,2.979784162002655,3.398901820181625,From Dusk Till Dawn (1996),Action|Comedy|Horror|Thriller,116367,755
410,-1.7234280540846312,5.270458757717446,3.397492127155022,Addams Family Values (1993),Children|Comedy|Fantasy,106220,2758
45,-0.7963386317460097,2.4268299019392847,3.3963504801095676,To Die For (1995),Comedy|Drama|Thriller,114681,577
2455,-1.203590820682341,3.600209854485512,3.3901785932334514,"Fly, The (1986)",Drama|Horror|Sci-Fi|Thriller,91064,9426
1639,-1.2104229151175725,3.584365896239325,3.3867947579501467,Chasing Amy (1997),Comedy|Drama|Romance,118842,2255
2018,-0.852636941111019,2.4619690923309934,3.378166766338531,Bambi (1942),Animation|Children|Drama,34492,3170
317,-1.679900411113258,4.817303732161224,3.3757677398072126,"Santa Clause, The (1994)",Comedy|Drama|Fantasy,111070,11395
104,-1.75583091340989,4.976224115054092,3.371645848385097,Happy Gilmore (1996),Comedy,116483,9614
3988,-0.6526169603176482,1.8440795851341956,3.3705915088377316,How the Grinch Stole Christmas (a.k.a. The Grinch) (2000),Children|Comedy|Fantasy,170016,8871
852,-0.770110030556479,2.160165426647329,3.36798484284782,Tin Cup (1996),Comedy|Drama|Romance,117918,10478
1371,-1.1765976010879378,3.275999160481752,3.365333036623547,Star Trek: The Motion Picture (1979),Adventure|Sci-Fi,79945,152
56174,-1.192070983919081,3.3169583114321393,3.365103119147711,I Am Legend (2007),Action|Horror|Sci-Fi|Thriller|IMAX,480249,6479
31696,-0.7090947397406779,1.9539758535664706,3.3615915668802843,Constantine (2005),Action|Fantasy|Horror|Thriller,360486,561
1513,-1.1433186485938913,3.147189141724279,3.361207440195338,Romy and Michele's High School Reunion (1997),Comedy,120032,9611
3882,-0.8419013777085406,2.295129471748985,3.357669090920722,Bring It On (2000),Comedy,204946,1588
1345,-1.1450886278553338,3.101737763211154,3.3553134354082865,Carrie (1976),Drama|Fantasy|Horror|Thriller,74285,7340
587,-2.7334477026814112,7.322012725589448,3.3511706783744626,Ghost (1990),Comedy|Drama|Fantasy|Romance|Thriller,99653,251
1721,-3.5588690916732895,9.529584513586304,3.35103503373596,Titanic (1997),Drama|Romance,120338,597
596,-1.2066263070099843,3.230407854544944,3.3509685602666166,Pinocchio (1940),Animation|Children|Fantasy|Musical,32910,10895
39,-2.855810661450989,7.5551418225488,3.3464942068836185,Clueless (1995),Comedy|Romance,112697,9603
1729,-1.0225779105951738,2.6982243320027117,3.345508137690371,Jackie Brown (1997),Crime|Drama|Thriller,119396,184
4018,-1.204337376221219,3.173466638315358,3.344987776839785,What Women Want (2000),Comedy|Romance,207201,3981
2080,-1.7751787358199975,4.6536205297728275,3.343028019436803,Lady and the Tramp (1955),Animation|Children|Comedy|Romance,48280,10340
95510,-1.1230592648435198,2.9348172174717067,3.341822393161472,"Amazing Spider-Man, The (2012)",Action|Adventure|Sci-Fi|IMAX,948470,1930
122886,-0.7779551168447388,1.9920176779941596,3.3339537404893633,Star Wars: Episode VII - The Force Awakens (2015),Action|Adventure|Fantasy|Sci-Fi|IMAX,2488496,140607
1375,-1.1624443624022887,2.958355407877029,3.3315539213539904,Star Trek III: The Search for Spock (1984),Action|Adventure|Sci-Fi,88170,157
266,-1.7031272164518294,4.292763126034669,3.327746074053302,Legends of the Fall (1994),Drama|Romance|War|Western,110322,4476
6365,-2.8017918153583454,7.042611789186921,3.3266556540697403,"Matrix Reloaded, The (2003)",Action|Adventure|Sci-Fi|Thriller|IMAX,234215,604
2717,-0.8075746803895371,2.0298137454188834,3.3266334485782156,Ghostbusters II (1989),Comedy|Fantasy|Sci-Fi,97428,2978
1573,-1.3008367759768544,3.239561746515403,3.322942773136949,Face/Off (1997),Action|Crime|Drama|Thriller,119094,754
225,-1.1126696950391266,2.7458839605401506,3.319276281503601,Disclosure (1994),Drama|Thriller,109635,8984
2485,-0.8586130710663842,2.1173430167298553,3.3189755930858613,She's All That (1999),Comedy|Romance,160862,10314
33615,-1.2686531463409103,3.0771251007307505,3.312204727055043,Madagascar (2005),Adventure|Animation|Children|Comedy,351283,953
112183,-1.0542430980082793,2.5515854376385265,3.3113181774863563,Birdman: Or (The Unexpected Virtue of Ignorance) (2014),Comedy|Drama,2562232,194662
1552,-0.9702273359900822,2.3422651579154943,3.310263883670402,Con Air (1997),Action|Adventure|Thriller,118880,1701
367,-4.014506730881718,9.688771675763629,3.31014353502157,"Mask, The (1994)",Action|Comedy|Crime|Fantasy,110475,854
5459,-1.851873381267354,4.456806735798904,3.3089741418791885,Men in Black II (a.k.a. MIIB) (a.k.a. MIB 2) (2002),Action|Comedy|Sci-Fi,120912,608
196,-1.327059299869218,3.1306529892464914,3.3005977578881205,Species (1995),Horror|Sci-Fi,114508,9348
1391,-2.222481585956147,5.229389511226028,3.299491589877892,Mars Attacks! (1996),Action|Comedy|Sci-Fi,116996,75
59615,-0.8728904862794231,2.0529038369911605,3.299292061200778,Indiana Jones and the Kingdom of the Crystal Skull (2008),Action|Adventure|Comedy|Sci-Fi,367882,217
4718,-1.2079095884808897,2.744239816833877,3.284328137702637,American Pie 2 (2001),Comedy,252866,2770
466,-1.3826190223708394,3.1407207166148563,3.28426645010056,Hot Shots! Part Deux (1993),Action|Comedy|War,107144,9255
1377,-1.6290624580449526,3.6886039319373185,3.282842482610314,Batman Returns (1992),Action|Crime,103776,364
2985,-1.7885413226936995,4.029538043691105,3.2806322471265394,RoboCop (1987),Action|Crime|Drama|Sci-Fi|Thriller,93870,5548
3256,-1.31669758492533,2.9662007928647944,3.2805895905808042,Patriot Games (1992),Action|Crime|Drama|Thriller,105112,9869
1676,-1.736075598471976,3.9065059461296734,3.280083674948335,Starship Troopers (1997),Action|Sci-Fi,120201,563
2002,-1.0374436587450149,2.331459785979801,3.279513982907201,Lethal Weapon 3 (1992),Action|Comedy|Crime|Drama,104714,943
1485,-2.368076064428145,5.295545692985347,3.277307247690632,Liar Liar (1997),Comedy,119528,1624
2294,-1.2550423736726737,2.745994822927301,3.267445264679872,Antz (1998),Adventure|Animation|Children|Comedy|Fantasy,120587,8916
5620,-1.1033760415832459,2.4132128392658423,3.267267139711937,Sweet Home Alabama (2002),Comedy|Romance,256415,11529
370,-1.3689004550018222,2.882239777865937,3.249546666421955,Naked Gun 33 1/3: The Final Insult (1994),Action|Comedy,110622,36593
920,-1.1162412087360962,2.324924729043423,3.2443707130626036,Gone with the Wind (1939),Drama|Romance|War,31381,770
586,-3.5517263306024907,7.390552840333847,3.2439133185210993,Home Alone (1990),Children|Comedy,99785,771
48,-2.8722656022001187,5.970759572105123,3.2434345655982812,Pocahontas (1995),Animation|Children|Drama|Musical|Romance,114148,10530
736,-2.9398402867094138,6.082947583417905,3.241197812368908,Twister (1996),Action|Adventure|Romance|Thriller,117998,664
3977,-2.589293047935356,5.3457222662920545,3.2401225889096583,Charlie's Angels (2000),Action|Comedy,160127,4327
185,-2.47258208168216,5.084981776758007,3.2382379853943237,"Net, The (1995)",Action|Crime|Thriller,113957,1642
3624,-1.4989157153624662,3.0251232710997917,3.2290008238843253,Shanghai Noon (2000),Action|Adventure|Comedy|Western,184894,8584
30793,-2.117535659835963,4.270264529188682,3.2286106414812714,Charlie and the Chocolate Factory (2005),Adventure|Children|Comedy|Fantasy|IMAX,367594,118
236,-1.5569201583431698,3.055173111785862,3.2148886729129447,French Kiss (1995),Action|Comedy|Romance,113117,397
5502,-2.3433324613170643,4.420953453207341,3.194438539765523,Signs (2002),Horror|Sci-Fi|Thriller,286106,2675
2384,-1.2748533495378116,2.3879206261137615,3.1906140876052014,Babe: Pig in the City (1998),Adventure|Children|Drama,120595,9447
2302,-1.8602677800209078,3.4724840461470796,3.1887732254222665,My Cousin Vinny (1992),Comedy,104952,10377
1367,-1.4507673066515336,2.7077213457119598,3.188700995804125,101 Dalmatians (1996),Adventure|Children|Comedy,115433,11674
442,-2.1327406020530413,3.97767491592036,3.1883122271232573,Demolition Man (1993),Action|Adventure|Sci-Fi,106697,9739
4299,-1.4837679829206956,2.7515095380302412,3.1852340080837696,"Knight's Tale, A (2001)",Action|Comedy|Romance,183790,9476
2094,-1.5491809513233792,2.8669725746238486,3.184135686959887,"Rocketeer, The (1991)",Action|Adventure|Sci-Fi,102803,10249
2699,-1.2019939776497974,2.2090373720010366,3.1803643552357856,Arachnophobia (1990),Comedy|Horror,99052,6488
329,-3.400394681533276,6.198205683032023,3.1758803584754265,Star Trek: Generations (1994),Adventure|Drama|Sci-Fi,111280,193
6934,-2.7824922876965306,5.070017440439946,3.1756767451604926,"Matrix Revolutions, The (2003)",Action|Adventure|Sci-Fi|Thriller|IMAX,242653,605
173,-1.5037847000241689,2.7242604404506467,3.172492591209772,Judge Dredd (1995),Action|Crime|Sci-Fi,113492,9482
2424,-1.8420156915021182,3.309292038368138,3.167870702309648,You've Got Mail (1998),Comedy|Romance,128853,9489
780,-5.70176116087699,10.087291121782897,3.159247797169825,Independence Day (a.k.a. ID4) (1996),Action|Adventure|Sci-Fi|Thriller,116629,602
4025,-2.2769243883420343,3.978475062647538,3.1521791039629106,Miss Congeniality (2000),Comedy|Crime,212346,1493
95,-2.265925267948139,3.9572401472069902,3.151887524877235,Broken Arrow (1996),Action|Adventure|Thriller,115759,9208
41569,-1.4124316849142717,2.4557119102167726,3.1493282291741536,King Kong (2005),Action|Adventure|Drama|Fantasy|Thriller,360717,254
145,-2.831200129473648,4.836155586224845,3.1390662102681532,Bad Boys (1995),Action|Comedy|Crime|Drama|Thriller,112442,9737
198,-1.3010072743401522,2.2181845923524115,3.1379711210042367,Strange Days (1995),Action|Crime|Drama|Mystery|Sci-Fi|Thriller,114558,281
316,-4.792662006588815,7.894586687600844,3.1174078055420846,Stargate (1994),Action|Adventure|Sci-Fi,111282,2164
168,-2.407442791224147,3.959041233683507,3.1164026250512222,First Knight (1995),Action|Drama|Romance,113071,6520
653,-1.2813646236203629,2.0957182519651676,3.1130698156806424,Dragonheart (1996),Action|Adventure|Fantasy,116136,8840
673,-1.7543174016870542,2.8557492815582046,3.110179289493473,Space Jam (1996),Adventure|Animation|Children|Comedy|Fantasy|Sci-Fi,117705,2300
1690,-1.3585553964865684,2.1701379528239517,3.0984674876607734,Alien: Resurrection (1997),Action|Horror|Sci-Fi,118583,8078
1092,-1.6322000503195337,2.6004826967316053,3.0968373125088577,Basic Instinct (1992),Crime|Mystery|Thriller,103772,402
292,-4.724820462490195,7.476901921468855,3.092567660227191,Outbreak (1995),Action|Drama|Sci-Fi|Thriller,114069,6950
48385,-2.5467421451644974,4.02064956570358,3.0910743564150245,Borat: Cultural Learnings of America for Make Benefit Glorious Nation of Kazakhstan (2006),Comedy,443453,496
163,-2.5250920870561417,3.8953722560788417,3.076261264001519,Desperado (1995),Action|Romance|Western,112851,8068
1094,-1.9103731553998542,2.929759666648667,3.0724320435064216,"Crying Game, The (1992)",Drama|Romance|Thriller,104036,11386
5378,-3.7868203586472475,5.789511872965333,3.0704070705253286,Star Wars: Episode II - Attack of the Clones (2002),Action|Adventure|Sci-Fi|IMAX,121765,1894
2683,-5.512230787889023,8.329664759038403,3.0627308553621058,Austin Powers: The Spy Who Shagged Me (1999),Action|Adventure|Comedy,145660,817
3785,-1.7230820722229707,2.5622348605713077,3.0519982042041014,Scary Movie (2000),Comedy|Horror,175142,4247
1347,-1.4999472012766515,2.2304291251208426,3.0519974437110164,"Nightmare on Elm Street, A (1984)",Horror|Thriller,87800,377
786,-2.3851580277594064,3.5189617000174507,3.046688343874679,Eraser (1996),Action|Drama|Thriller,116213,9268
153,-4.779558041694338,6.975335140207075,3.039281521274208,Batman Forever (1995),Action|Adventure|Comedy|Crime,112462,414
277,-2.4798757758287433,3.573844773995235,3.0305942188139117,Miracle on 34th Street (1994),Drama,110527,10510
33493,-2.347592178803524,3.3703681093337594,3.027951196539979,Star Wars: Episode III - Revenge of the Sith (2005),Action|Adventure|Sci-Fi,121766,1895
1101,-3.0609349392949907,4.288351511013748,3.010711035559089,Top Gun (1986),Action|Romance,92099,744
8361,-1.722925139620242,2.409073176691532,3.0093083555584044,"Day After Tomorrow, The (2004)",Action|Adventure|Drama|Sci-Fi|Thriller,319262,435
6537,-1.843381015993232,2.5759048872391395,3.0088654304765963,Terminator 3: Rise of the Machines (2003),Action|Adventure|Sci-Fi,181852,296
1722,-1.4523817509188393,2.0291469811976235,3.0087303912929695,Tomorrow Never Dies (1997),Action|Adventure|Thriller,120347,714
788,-2.0371043994651528,2.8226952839312482,3.0028023756097184,"Nutty Professor, The (1996)",Comedy|Fantasy|Romance|Sci-Fi,117218,9327
231,-5.4781195785164725,7.555053313344643,2.999396454254316,Dumb & Dumber (Dumb and Dumber) (1994),Adventure|Comedy,109686,8467
327,-2.583724382818364,3.502213466826128,2.9867496011667147,Tank Girl (1995),Action|Comedy|Sci-Fi,114614,9067
3264,-1.6239322557248956,2.173740659877202,2.9774220621120264,Buffy the Vampire Slayer (1992),Action|Comedy|Horror,103893,10206
2393,-1.8773864971408825,2.4902316852732884,2.970589765514241,Star Trek: Insurrection (1998),Action|Drama|Romance|Sci-Fi,120844,200
3863,-2.7552480554615526,3.65014014604785,2.969656504486674,"Cell, The (2000)",Drama|Horror|Thriller,209958,8843
4232,-1.3548714782637323,1.7786148157438384,2.9627336784528824,Spy Kids (2001),Action|Adventure|Children|Comedy,227538,10054
1544,-2.082747979436049,2.7172246350687153,2.9579918089437305,"Lost World: Jurassic Park, The (1997)",Action|Adventure|Sci-Fi|Thriller,119567,330
1909,-2.5845221370005755,3.338549987303494,2.9503449208424706,"X-Files: Fight the Future, The (1998)",Action|Crime|Mystery|Sci-Fi|Thriller,120902,846
63992,-2.1350488897112556,2.6262833333405577,2.9115355919097197,Twilight (2008),Drama|Fantasy|Romance|Thriller,1099212,8966
434,-3.7372411605152296,4.590518892885077,2.9103682480937643,Cliffhanger (1993),Action|Adventure|Thriller,106582,9350
5481,-3.9477111829611444,4.664314319803276,2.878125236000998,Austin Powers in Goldmember (2002),Comedy,295178,818
4270,-2.0457161552805814,2.3950145258452444,2.870334099136982,"Mummy Returns, The (2001)",Action|Adventure|Comedy|Thriller,209163,1734
1597,-3.27131514309379,3.82106683953528,2.868363895915595,Conspiracy Theory (1997),Drama|Mystery|Romance|Thriller,118883,8834
2694,-2.2967821919387803,2.657797376910928,2.860322592005686,Big Daddy (1999),Comedy,142342,9032
2628,-7.392413138670066,8.514854084273425,2.8563114105547056,Star Wars: Episode I - The Phantom Menace (1999),Action|Adventure|Sci-Fi,120915,1893
1376,-1.8491621180900404,2.0457557124299015,2.8205885124203656,Star Trek IV: The Voyage Home (1986),Adventure|Comedy|Sci-Fi,92007,168
158,-2.66924329214039,2.934997032901631,2.815036616659677,Casper (1995),Adventure|Children,112642,8839
288,-3.9827121781734625,4.340147838209432,2.8068456489916995,Natural Born Killers (1994),Action|Crime|Thriller,110632,241
160,-2.54864638564606,2.729713977097738,2.790822212661815,Congo (1995),Action|Adventure|Mystery|Sci-Fi,112715,10329
585,-3.450786304184423,3.6291884694836787,2.773647649703454,"Brady Bunch Movie, The (1995)",Comedy,112572,9066
2167,-3.50984754559213,3.6824034679355298,2.77134964628134,Blade (1998),Action|Horror|Thriller,120611,36647
2710,-3.252407023407418,3.408896932875211,2.7703963946342176,"Blair Witch Project, The (1999)",Drama|Horror|Thriller,185937,2667
1911,-1.7066276469931865,1.776966605522014,2.764074062007542,Dr. Dolittle (1998),Comedy,118998,3050
3623,-2.8487789946119997,2.9158375719493437,2.7474881806651994,Mission: Impossible II (2000),Action|Adventure|Thriller,120755,955
355,-3.22604281094604,3.24685111136374,2.7308988652889337,"Flintstones, The (1994)",Children|Comedy|Fantasy,109813,888
435,-2.717977964646954,2.6062437859703302,2.6816184665336165,Coneheads (1993),Comedy|Sci-Fi,106598,9612
432,-4.151051945544898,3.9776555288865683,2.6808974406209463,City Slickers II: The Legend of Curly's Gold (1994),Adventure|Comedy|Western,109439,11310
1372,-2.8997977368090004,2.7715590104017993,2.678220645719231,Star Trek VI: The Undiscovered Country (1991),Action|Mystery|Sci-Fi,102975,174
208,-6.1866050215115225,5.891749968117703,2.6744445623385067,Waterworld (1995),Action|Adventure|Sci-Fi,114898,9804
2054,-3.5587854033466297,3.3767676715635373,2.6705871601482913,"Honey, I Shrunk the Kids (1989)",Adventure|Children|Comedy|Fantasy|Sci-Fi,97523,9354
344,-9.528619536468437,8.910746517521275,2.6551497077010504,Ace Ventura: Pet Detective (1994),Comedy,109040,3049
44,-3.044745408633087,2.8439320346021915,2.653879000380073,Mortal Kombat (1995),Action|Adventure|Fantasy,113855,9312
19,-5.813993759868524,5.142158344065693,2.59383759888403,Ace Ventura: When Nature Calls (1995),Comedy,112281,9273
172,-3.502236349449433,2.978031444697889,2.548466225159479,Johnny Mnemonic (1995),Action|Sci-Fi|Thriller,113481,9886
6157,-1.995905297374414,1.6767270721703669,2.5341326172549827,Daredevil (2003),Action|Crime,287978,9480
1917,-5.01107040690197,3.9915290880689374,2.469063857409089,Armageddon (1998),Action|Romance|Sci-Fi|Thriller,120591,95
1882,-4.047560066891122,3.0495756407847816,2.397236690435005,Godzilla (1998),Action|Sci-Fi|Thriller,120685,929
1876,-2.353974658541208,1.7696664433399247,2.3943106894425714,Deep Impact (1998),Drama|Sci-Fi|Thriller,120647,8656
193,-4.383034380821663,3.1830182980689647,2.3474845155920088,Showgirls (1995),Drama,114436,10802
2701,-5.811552457693288,3.5469349225061,2.0860185676061525,Wild Wild West (1999),Action|Comedy|Sci-Fi|Western,120891,8487
